<?xml version="1.0" encoding="UTF-8" standalone="yes"?>
<addon id="plugin.video.bubbles" version="2.3.3" name="Bubbles" provider-name="Bubbles">
	<requires>
		<import addon="xbmc.python" version="2.19.0" />

		<import addon="repository.bubbles.1" version="2.0.0" />
		<import addon="repository.bubbles.2" version="2.0.0" />
		<import addon="repository.bubbles.3" version="2.0.0" />
		<import addon="script.bubbles.resources" version="2.3.2" />
		<import addon="script.bubbles.artwork" version="2.0.0" />
		<import addon="script.bubbles.binaries" version="2.0.0" optional="true" />
		<import addon="script.bubbles.icons" version="2.3.2" optional="true" />
		<import addon="script.bubbles.skins" version="2.0.0" optional="true" />
		<import addon="skin.bubbles.aeon.nox" version="1.1.3" optional="true" />

		<import addon="script.module.urlresolver" version="3.0.29" />
		<import addon="script.module.metahandler" version="2.9.0" />

		<import addon="plugin.video.quasar" version="0.9.78" optional="true" />
		<import addon="script.trakt" version="3.1.11" optional="true" />
	</requires>
	<extension point="xbmc.python.pluginsource" library="bubbles.py">
		<provides>video</provides>
	</extension>
	<extension point="xbmc.addon.metadata">
		<summary lang="en">Stream Movies and Shows</summary>
		<description lang="en">Stream movies, shows, documentaries, and short films from a variety of sources, such as torrents, usenet, file hosters, and video streaming services.</description>
		<disclaimer lang="en">Bubbles and its developers are not in any way affiliated with Kodi, TVAddons, Premiumize, RealDebrid, EasyNews, or any of the sites and providers used in the addon. Bubbles is and always will be free and open-source. None of its code and resources may be sold or redistributed for any commercial purposes. Bubbles and its developers do not host, create, or distribute any of the content displayed in the addon, it simply searches public websites.</disclaimer>
		<platform>all</platform>
		<license>GPL 3.0</license>
		<website>https://bubbles4kodi.com</website>
		<forum>https://www.tvaddons.ag/forums/bubbles-repository</forum>
		<assets>
			<icon>icon.png</icon> <!-- Do not change file name. Required by older Kodi versions. -->
			<fanart>fanart.jpg</fanart> <!-- Do not change file name. Required by older Kodi versions. -->
			<screenshot>resources/media/screenshots/screenshot01.jpg</screenshot>
			<screenshot>resources/media/screenshots/screenshot02.jpg</screenshot>
			<screenshot>resources/media/screenshots/screenshot03.jpg</screenshot>
			<screenshot>resources/media/screenshots/screenshot04.jpg</screenshot>
			<screenshot>resources/media/screenshots/screenshot05.jpg</screenshot>
			<screenshot>resources/media/screenshots/screenshot06.jpg</screenshot>
			<screenshot>resources/media/screenshots/screenshot07.jpg</screenshot>
			<screenshot>resources/media/screenshots/screenshot08.jpg</screenshot>
			<screenshot>resources/media/screenshots/screenshot09.jpg</screenshot>
			<screenshot>resources/media/screenshots/screenshot10.jpg</screenshot>
		</assets>
	</extension>
</addon>
