<?xml version="1.0" encoding="UTF-8" standalone="yes"?>
<addon id="skin.bubbles.aeon.nox" version="1.1.0" name="Bubbles Aeon Nox" provider-name="Bubbles">
	<requires>
		<import addon="xbmc.gui" version="5.12.0"/>
		<import addon="script.grab.fanart" version="0.12.8"/>
		<import addon="script.skinshortcuts" version="1.0.10"/>
		<import addon="service.library.data.provider" version="0.0.7"/>
		<import addon="resource.images.studios.white" version="0.0.1"/>
		<import addon="resource.images.recordlabels.white" version="0.0.1"/>
		<import addon="script.skin.info.service" version="1.0.1"/>
		<import addon="plugin.video.bubbles" version="1.2.0" optional="true" />
	</requires>
	<extension point="xbmc.gui.skin" debugging="false" effectslowdown="0.75">
		<res width="1920" height="1080" aspect="16:9" default="true" folder="1080" />
	</extension>
	<extension point="xbmc.addon.metadata">
		<summary lang="en">Bubbles Aeon Nox Customization</summary>
		<description lang="en">Bubbles adaptation of Aeon Nox Spin which was created by BigNoid and modded by manfeed, SiLVO, and Mr. V.</description>
		<disclaimer lang="en">Bubbles and its developers are not in any way affiliated with Kodi, TVAddons, OffshoreGit, Premiumize, RealDebrid, or any of the sites and providers used in the addon. Bubbles is and always will be free and open-source. None of its code and resources may be sold or redistributed for any commercial purposes. Bubbles and its developers do not host, create, or distribute any of the content displayed in the addon.</disclaimer>
		<platform>all</platform>
		<license>GPL 3.0</license>
		<website>https://offshoregit.com/bubbles</website>
		<forum>https://www.tvaddons.ag/forums/skin-depot/58302-bubbles-aeon-nox.html</forum>
		<assets>
			<icon>icon.png</icon>
			<fanart>fanart.jpg</fanart>
			<screenshot>resources/media/screenshots/screenshot01.jpg</screenshot>
			<screenshot>resources/media/screenshots/screenshot02.jpg</screenshot>
			<screenshot>resources/media/screenshots/screenshot03.jpg</screenshot>
			<screenshot>resources/media/screenshots/screenshot04.jpg</screenshot>
			<screenshot>resources/media/screenshots/screenshot05.jpg</screenshot>
			<screenshot>resources/media/screenshots/screenshot06.jpg</screenshot>
			<screenshot>resources/media/screenshots/screenshot07.jpg</screenshot>
			<screenshot>resources/media/screenshots/screenshot08.jpg</screenshot>
			<screenshot>resources/media/screenshots/screenshot09.jpg</screenshot>
			<screenshot>resources/media/screenshots/screenshot10.jpg</screenshot>
		</assets>
	</extension>
</addon>
