<?xml version="1.0" encoding="UTF-8" standalone="yes"?>
<addon id="plugin.video.bubbles" version="1.0.3" name="Bubbles" provider-name="Bubbles">
	<requires>
		<import addon="xbmc.python" version="2.19.0" />
		<import addon="script.module.bubbles" version="1.0.2" />
		<import addon="script.module.urlresolver" version="3.0.29" />
		<import addon="script.module.metahandler" version="2.9.0" />
	</requires>
	<extension point="xbmc.python.pluginsource" library="bubbles.py">
		<provides>video</provides>
	</extension>
	<extension point="xbmc.addon.metadata">
		<summary lang="en">Stream Movies and TV Shows</summary>
		<description lang="en">Stream movies and TV shows from a variety of sources, such as torrents, usenet, file hosters, and video streaming services.</description>
		<disclaimer lang="en">Bubbles and its developers are not in any way affiliated with Kodi, Premiumize, TVAddons, OffshoreGit, or any of the sites and providers used in the addon. Bubbles is free and open-source. None of its code and resources may be sold or redistributed for any commercial purposes. Bubbles and its developers do not host, create, or distribute any of the content displayed in the addon.</disclaimer>
		<platform>all</platform>
		<license>GPL 3.0</license>
		<website>https://offshoregit.com/bubbles</website>
		<forum>https://www.tvaddons.ag/forums/addon-releases/56140-bubbles-stream-movies-tv-kodi.html</forum>
		<assets>
			<icon>icon.png</icon> <!-- Do not change file name. Required by older Kodi versions. -->
			<fanart>fanart.jpg</fanart> <!-- Do not change file name. Required by older Kodi versions. -->
			<screenshot>resources/media/screenshots/screenshot1.jpg</screenshot>
			<screenshot>resources/media/screenshots/screenshot2.jpg</screenshot>
			<screenshot>resources/media/screenshots/screenshot3.jpg</screenshot>
			<screenshot>resources/media/screenshots/screenshot4.jpg</screenshot>
			<screenshot>resources/media/screenshots/screenshot5.jpg</screenshot>
			<screenshot>resources/media/screenshots/screenshot6.jpg</screenshot>
			<screenshot>resources/media/screenshots/screenshot7.jpg</screenshot>
			<screenshot>resources/media/screenshots/screenshot8.jpg</screenshot>
			<screenshot>resources/media/screenshots/screenshot9.jpg</screenshot>
		</assets>
	</extension>
</addon>