﻿<?xml version="1.0" encoding="UTF-8" standalone="yes"?>
<addon id="repository.bubbles" version="1.1.0" name="Bubbles Repository" provider-name="Bubbles">
	<extension point="xbmc.addon.repository" name="Bubbles Repository">
		<dir>
			<info compressed="false">https://offshoregit.com/tvaresolvers/tva-common-repository/raw/master/addons.xml</info>
			<checksum>https://offshoregit.com/tvaresolvers/tva-common-repository/raw/master/addons.xml.md5</checksum>
			<datadir zip="true">https://offshoregit.com/tvaresolvers/tva-common-repository/raw/master/zips/</datadir>
		</dir>
		<dir>
			<info compressed="false">https://offshoregit.com/bubbles/repository/common/addons.xml</info>
			<checksum>https://offshoregit.com/bubbles/repository/common/addons.xml.md5</checksum>
			<datadir zip="true">https://offshoregit.com/bubbles/repository/common/</datadir>
		</dir>
		<info compressed="false">https://offshoregit.com/bubbles/repository/addons.xml</info>
		<checksum>https://offshoregit.com/bubbles/repository/addons.xml.md5</checksum>
		<datadir zip="true">https://offshoregit.com/bubbles/repository/</datadir>
	</extension>
	<extension point="xbmc.addon.metadata">
		<summary lang="en">Bubbles Repository</summary>
		<description lang="en">The Bubbles repository for the addon, resources, extensions, and external addons.</description>
		<disclaimer lang="en">Bubbles and its developers are not in any way affiliated with Kodi, TVAddons, OffshoreGit, Premiumize, RealDebrid, or any of the sites and providers used in the addon. Bubbles is and always will be free and open-source. None of its code and resources may be sold or redistributed for any commercial purposes. Bubbles and its developers do not host, create, or distribute any of the content displayed in the addon.</disclaimer>
		<platform>all</platform>
		<license>GPL 3.0</license>
		<website>https://offshoregit.com/bubbles</website>
		<forum>https://www.tvaddons.ag/forums/addon-releases/56140-bubbles-stream-movies-tv-kodi.html</forum>
	</extension>
</addon>
