<?xml version="1.0" encoding="UTF-8" standalone="yes"?>
<addon id="script.module.urllib.3" version="1.22.3" name="urllib3" provider-name="urllib3">
	<requires>
		<import addon="xbmc.python" version="2.1.0" />
	</requires>
	<extension point="xbmc.python.module" library="lib" />
	<extension point="xbmc.service" library="__init__.py" start="startup" />
	<extension point="xbmc.addon.metadata">
		<summary lang="en">Python Urllib 3 for Kodi</summary>
		<description lang="en">Python Urllib 3 extension for Kodi</description>
		<disclaimer lang="en"></disclaimer>
		<platform>all</platform>
		<license>MIT</license>
		<website>https://urllib3.readthedocs.io</website>
		<forum>https://urllib3.readthedocs.io</forum>
	</extension>
</addon>
