<?xml version="1.0" encoding="UTF-8"?>
<overrides>


	<!-- Sub Menu As Widget -->
	<widget label="1034" type="static" icon="defaultnetwork.png" path="$INCLUDE[submenu_content]" target="static">submenuaswidget</widget>
	<!-- Weather & SystemInfo widgets -->
	<widget label="8" type="static" icon="DefaultAddonWeather.png" path="$INCLUDE[weather_content]" target="static">weather</widget>
	<widget label="130" type="static" icon="memory.png" path="$INCLUDE[systeminfo_content]" target="static">systeminfo</widget>
	<!-- Movies -->
	<widget label="31500" type="movies" icon="$INFO[Window(Home).Property(SkinHelper.AllMoviesBackground)]" path="videodb://recentlyaddedmovies/" target="video">RecentMovies</widget>
	<widget label="31502" type="movies" icon="$INFO[Window(Home).Property(SkinHelper.AllMoviesBackground)]" path="plugin://service.library.data.provider?type=recommendedmovies&amp;reload=$INFO[Window(Home).Property(recommendedmovies)]" target="video">RecommendedMovies</widget>
	<widget label="31501" type="movies" icon="$INFO[Window(Home).Property(SkinHelper.AllMoviesBackground)]" path="plugin://service.library.data.provider?type=randommovies&amp;reload=$INFO[Window(Home).Property(randommovies)]" target="video">RandomMovies</widget>
	<!-- Episodes -->
	<widget label="31503" type="tvshows" icon="$INFO[Window(Home).Property(SkinHelper.AllTvShowsBackground)]" path="plugin://service.library.data.provider?type=recentepisodes&amp;reload=$INFO[Window(Home).Property(recentepisodes)]" target="video">RecentEpisodes</widget>
	<widget label="31505" type="tvshows" icon="$INFO[Window(Home).Property(SkinHelper.AllTvShowsBackground)]" path="plugin://script.skin.helper.widgets/?action=next&amp;mediatype=episodes&amp;limit=10&amp;reload=$INFO[Window(Home).Property(widgetreload)]" target="video">NextEpisodes</widget>
	<widget label="31504" type="tvshows" icon="$INFO[Window(Home).Property(SkinHelper.AllTvShowsBackground)]" path="plugin://service.library.data.provider?type=randomepisodes&amp;reload=$INFO[Window(Home).Property(randomepisodes)]" target="video">RandomEpisodes</widget>
	<!-- Albums -->
	<widget label="31506" type="music" icon="$INFO[Window(Home).Property(SkinHelper.AllMusicBackground)]" path="plugin://service.library.data.provider?type=recentalbums&amp;reload=$INFO[Window(Home).Property(recentalbums)]" target="music">RecentAlbums</widget>
	<widget label="31508" type="music" icon="$INFO[Window(Home).Property(SkinHelper.AllMusicBackground)]" path="plugin://service.library.data.provider?type=recommendedalbums&amp;reload=$INFO[Window(Home).Property(recommendedalbums)]" target="music">RecommendedAlbums</widget>
	<widget label="31507" type="music" icon="$INFO[Window(Home).Property(SkinHelper.AllMusicBackground)]" path="plugin://service.library.data.provider?type=randomalbums&amp;reload=$INFO[Window(Home).Property(randomalbums)]" target="music">RandomAlbums</widget>
	<!-- MusicVideos -->
	<widget label="36909" type="music" icon="$INFO[Window(Home).Property(SkinHelper.AllMusicVideosBackground)]" path="videodb://musicvideos/titles/" target="video">MusicVideos</widget>
	<!-- Video Addons -->
	<widget label="1037" type="addon" icon="DefaultAddonVideo.png" path="addons://sources/video" target="video">VideoAddons</widget>
	<!-- Pictures addons -->
	<widget label="1039" type="addon" icon="DefaultAddonPicture.png" path="addons://sources/image" target="pictures">PictureAddons</widget>
	<!-- Program addons -->
	<widget label="1043" type="addon" icon="DefaultAddonProgram.png" path="addons://sources/executable" target="programs">ProgramAddons</widget>
	<!-- Favourites -->
	<widget label="10134" type="addon" icon="main\favs.png" path="plugin://script.skin.helper.widgets/?mediatype=favourites&amp;reload=$INFO[Window(Home).Property(widgetreload2)]" target="video">Favourites</widget>
	<!-- PVR -->
	<widget label="19023" type="pvr" icon="DefaultAddonTvInfo.png" path="plugin://script.skin.helper.widgets/?action=channels&amp;mediatype=pvr&amp;reload=$INFO[Window(Home).Property(widgetreload2)]" target="video">PVR</widget>
	<widget label="19024" type="pvr" icon="DefaultAddonUISounds.png" path="pvr://channels/radio/All channels/" target="video">radio</widget>

	<widgetdefault labelID="videos">VideoAddons</widgetdefault>
		<widgetdefault labelID="movies">RecentMovies</widgetdefault>
		<widgetdefault labelID="tvshows">NextEpisodes</widgetdefault>
		<widgetdefault labelID="vaddons">VideoAddons</widgetdefault>
		<widgetdefault labelID="livetv">PVR</widgetdefault>
		<widgetdefault labelID="music">RandomAlbums</widgetdefault>
		<widgetdefault labelID="musicvideos">MusicVideos</widgetdefault>
		<widgetdefault labelID="pictures">VideoAddons</widgetdefault>
		<widgetdefault labelID="programs">ProgramAddons</widgetdefault>
		<widgetdefault labelID="1036">Favourites</widgetdefault>
		<widgetdefault labelID="weather">weather</widgetdefault>
	<widgetdefault labelID="settings">systeminfo</widgetdefault>





	<warn heading="19098" message="31377">ActivateWindow(Settings)</warn>
	<warn heading="19098" message="31377">ActivateWindow(SkinSettings)</warn>
	<contextmenu>
		<enableon>211</enableon>
		<item control="306" condition="[String.IsEqual(Skin.String(MainMenu.Layout),10) + String.IsEqual(Window.Property(groupname),mainmenu)] | String.Contains(Window.Property(groupname),.1,right)">$LOCALIZE[31047]</item>
		<item control="301">$ADDON[script.skinshortcuts 32000]</item>
		<item control="302">$ADDON[script.skinshortcuts 32001]</item>
		<item control="313" condition="String.IsEqual(Container(211).ListItem.Property(skinshortcuts-disabled),False)">$LOCALIZE[24021]</item>
		<item control="313" condition="String.IsEqual(Container(211).ListItem.Property(skinshortcuts-disabled),True)">$LOCALIZE[24022]</item>
		<item control="303">$ADDON[script.skinshortcuts 32002]</item>
		<item control="304">$ADDON[script.skinshortcuts 32003]</item>
		<item control="308">$ADDON[script.skinshortcuts 32028]</item>
	</contextmenu>
	<alwaysRestore>True</alwaysRestore>
	<thumbnailBrowseDefault>special://skin/extras/icons/</thumbnailBrowseDefault>
	<!-- Backgrounds -->
	<backgroundBrowse>True</backgroundBrowse>
	<background label="31062" condition="System.HasAddon(script.grab.fanart)">Movie.Fanart</background>
	<background label="31063" condition="System.HasAddon(script.grab.fanart)">TV.Fanart</background>
	<background label="31064" condition="System.HasAddon(script.grab.fanart)">Video.Fanart</background>
	<background label="31065" condition="System.HasAddon(script.grab.fanart)">Music.Fanart</background>
	<background label="31066" condition="System.HasAddon(script.grab.fanart)">Global.Fanart</background>
	<background label="31084" condition="!String.IsEmpty(Skin.String(weatherfanart.path))">Weather.Fanart</background>
	<background label="Live Background: Recent movies" condition="String.IsEmpty(Window(Home).Property(No.Cases))">s:live|i:recent movies</background>
	<background label="Live Background: Recent episodes" condition="String.IsEmpty(Window(Home).Property(No.Cases))">s:live|i:recent episodes</background>
	<background label="Live Background: ::PLAYLIST::" condition="String.IsEmpty(Window(Home).Property(No.Cases))">s:live|i:playlist</background>
	<background label="Live Background: Random songs" condition="String.IsEmpty(Window(Home).Property(No.Cases)) + System.HasAddon(service.library.data.provider)">s:live|i:songs</background>
	<background label="Live Background: Random albums" condition="String.IsEmpty(Window(Home).Property(No.Cases)) + System.HasAddon(service.library.data.provider)">s:live|i:albums</background>
	<background label="::PLAYLIST::" condition="String.IsEmpty(Window(Home).Property(No.Cases))">s:playlist|i:playlist</background>
	<!-- Infolines -->
	<property property="InfoLine">31052</property>
	<property property="InfoLine">31053</property>
	<property property="InfoLine">31054</property>
	<property property="InfoLine">31085</property>
	<property property="InfoLine">31058</property>
	<property property="InfoLine">20088</property>
	<property property="InfoLine" condition="System.HasAddon(script.skin.helper.service)">31061</property>
	<property property="InfoLine" condition="System.HasAddon(script.skin.helper.service)">31800</property>
	<property property="InfoLine" condition="System.HasAddon(script.skin.helper.service)">31801</property>
	<property property="InfoLine" condition="System.HasAddon(script.skin.helper.service)">31802</property>
	<property property="InfoLine" condition="System.HasAddon(script.skin.helper.service)">31803</property>
	<property property="InfoLine" condition="System.HasAddon(script.skin.helper.service)">31804</property>
	<property property="InfoLine">130</property>
	<property property="InfoLine">31097</property>
	<property property="InfoLine">31098</property>
	<property property="InfoLine">31099</property>
	<!-- Widgets -->
	<widget-groupings>
		<node label="342">
			<shortcut label="$ADDON[service.library.data.provider 32004]" condition="System.HasAddon(service.library.data.provider)" icon="logos/ldp-logo.png" widget="library" widgetType="movies" widgetTarget="video">plugin://service.library.data.provider?type=randommovies&amp;reload=$INFO[Window.Property(randommovies)]</shortcut>
			<shortcut label="$ADDON[service.library.data.provider 32005]" condition="System.HasAddon(service.library.data.provider)" icon="logos/ldp-logo.png" widget="library" widgetType="movies" widgetTarget="video">plugin://service.library.data.provider?type=recentmovies&amp;reload=$INFO[Window.Property(recentmovies)]</shortcut>
			<shortcut label="$ADDON[service.library.data.provider 32006]" condition="System.HasAddon(service.library.data.provider)" icon="logos/ldp-logo.png" widget="library" widgetType="movies" widgetTarget="video">plugin://service.library.data.provider?type=recommendedmovies&amp;reload=$INFO[Window.Property(recommendedmovies)]</shortcut>
			<shortcut label="20386" icon="logos/kodi.png" widget="library" widgetType="movies" widgetTarget="video">videodb://recentlyaddedmovies/</shortcut>
			<shortcut label="20434" icon="logos/kodi-sets.png" condition="Library.HasContent(MovieSets)" widget="library" widgetType="sets" widgetTarget="video">library://video/movies/sets.xml/</shortcut>
			<shortcut label="31732" icon="logos/kodi-pl.png" condition="Library.HasContent(Movies)" widget="library" widgetType="movies" widgetTarget="video">special://skin/extras/InProgressMovies.xsp</shortcut>
			<shortcut label="$LOCALIZE[13409]" icon="logos/kodi-pl.png" condition="Library.HasContent(Movies)" widget="library" widgetType="movies" widgetTarget="video">special://skin/extras/Top250.xsp</shortcut>
			<shortcut label="$ADDON[script.skin.helper.service 32003]" condition="System.HasAddon(script.skin.helper.service)" icon="logos/shs-logo.png" widget="library" widgetType="movies" widgetTarget="video">plugin://script.skin.helper.service/?action=recommendedmovies&amp;reload=$INFO[Window(Home).Property(widgetreload)]</shortcut>
			<shortcut label="$ADDON[script.skin.helper.service 32006]" condition="System.HasAddon(script.skin.helper.service)" icon="logos/shs-logo.png" widget="library" widgetType="movies" widgetTarget="video">plugin://script.skin.helper.service/?action=similarmovies&amp;reload=$INFO[Window(Home).Property(widgetreload)]</shortcut>
			<shortcut label="31734" condition="System.HasAddon(script.skin.helper.service)" icon="logos/shs-logo.png" widget="library" widgetType="movies" widgetTarget="video">plugin://script.skin.helper.service/?action=moviesforgenre&amp;reload=$INFO[Window(Home).Property(widgetreload)]</shortcut>
			<shortcut label="$ADDON[script.extendedinfo 32047]" condition="System.HasAddon(script.extendedinfo)" icon="logos/trakt-logo.png" widget="trakt" widgetType="movies" widgetTarget="video">plugin://script.extendedinfo?info=trendingmovies</shortcut>
			<shortcut label="$ADDON[script.extendedinfo 32042]" condition="System.HasAddon(script.extendedinfo)" icon="logos/tmdb-logo.png" widget="tmdb" widgetType="movies" widgetTarget="video">plugin://script.extendedinfo?info=incinemamovies</shortcut>
			<shortcut label="$ADDON[script.extendedinfo 32043]" condition="System.HasAddon(script.extendedinfo)" icon="logos/tmdb-logo.png" widget="tmdb" widgetType="movies" widgetTarget="video">plugin://script.extendedinfo?info=upcomingmovies</shortcut>
			<shortcut label="$ADDON[script.extendedinfo 32044]" condition="System.HasAddon(script.extendedinfo)" icon="logos/tmdb-logo.png" widget="tmdb" widgetType="movies" widgetTarget="video">plugin://script.extendedinfo?info=popularmovies</shortcut>
			<shortcut label="$ADDON[script.extendedinfo 32046]" condition="System.HasAddon(script.extendedinfo)" icon="logos/tmdb-logo.png" widget="tmdb" widgetType="movies" widgetTarget="video">plugin://script.extendedinfo?info=topratedmovies</shortcut>
		</node>
		<node label="20343">
			<shortcut label="$ADDON[service.library.data.provider 32007]" condition="System.HasAddon(service.library.data.provider)" icon="logos/ldp-logo.png" widget="library" widgetType="episodes" widgetTarget="video">plugin://service.library.data.provider?type=randomepisodes&amp;reload=$INFO[Window.Property(randomepisodes)]</shortcut>
			<shortcut label="$ADDON[service.library.data.provider 32008]" condition="System.HasAddon(service.library.data.provider)" icon="logos/ldp-logo.png" widget="library" widgetType="episodes" widgetTarget="video">plugin://service.library.data.provider?type=recentepisodes&amp;reload=$INFO[Window.Property(recentepisodes)]</shortcut>
			<shortcut label="$ADDON[service.library.data.provider 32010]" condition="System.HasAddon(service.library.data.provider)" icon="logos/ldp-logo.png" widget="library" widgetType="episodes" widgetTarget="video">plugin://service.library.data.provider?type=recommendedepisodes&amp;reload=$INFO[Window.Property(recommendedepisodes)]</shortcut>
			<shortcut label="20387" icon="logos/kodi.png" widget="library" widgetType="episodes" widgetTarget="video">videodb://recentlyaddedepisodes/</shortcut>
			<shortcut label="626" icon="logos/kodi.png" condition="Library.HasContent(TVShows)" widget="library" widgetType="tvshows" widgetTarget="video">library://video/tvshows/inprogressshows.xml</shortcut>
			<shortcut label="31733" icon="logos/kodi-pl.png" condition="Library.HasContent(TVShows)" widget="library" widgetType="episodes" widgetTarget="video">special://skin/extras/InProgressEpisodes.xsp</shortcut>
			<shortcut label="$ADDON[script.skin.helper.service 32002]" condition="System.HasAddon(script.skin.helper.service)" icon="logos/shs-logo.png" widget="library" widgetType="episodes" widgetTarget="video">plugin://script.skin.helper.service/?action=nextepisodes&amp;reload=$INFO[Window(Home).Property(widgetreload)]</shortcut>
			<shortcut label="$ADDON[script.skin.helper.service 32130]" condition="System.HasAddon(script.skin.helper.service)" icon="logos/shs-logo.png" widget="library" widgetType="tvshows" widgetTarget="video">plugin://script.skin.helper.service/?action=similarshows&amp;reload=$INFO[Window(Home).Property(widgetreload)]</shortcut>
			<shortcut label="31734" condition="System.HasAddon(script.skin.helper.service)" icon="logos/shs-logo.png" widget="library" widgetType="tvshows" widgetTarget="video">plugin://script.skin.helper.service/?action=showsforgenre&amp;reload=$INFO[Window(Home).Property(widgetreload)]</shortcut>
			<shortcut label="$ADDON[script.tv.show.next.aired 32101]" condition="System.HasAddon(script.skin.helper.service) + System.HasAddon(script.tv.show.next.aired)" icon="logos/tsna-logo.png" widget="library" widgetType="tvshows" widgetTarget="video">plugin://script.skin.helper.service/?action=nextairedtvshows&amp;reload=$INFO[Window(Home).Property(widgetreload2)]</shortcut>
			<shortcut label="$ADDON[script.extendedinfo 32032]" condition="System.HasAddon(script.extendedinfo)" icon="logos/trakt-logo.png" widget="trakt" widgetType="tvshows" widgetTarget="video">plugin://script.extendedinfo?info=trendingshows</shortcut>
			<shortcut label="$ADDON[script.extendedinfo 32028]" condition="System.HasAddon(script.extendedinfo)" icon="logos/trakt-logo.png" widget="trakt" widgetType="tvshows" widgetTarget="video">plugin://script.extendedinfo?info=airingepisodes</shortcut>
			<shortcut label="$ADDON[script.extendedinfo 32029]" condition="System.HasAddon(script.extendedinfo)" icon="logos/trakt-logo.png" widget="trakt" widgetType="tvshows" widgetTarget="video">plugin://script.extendedinfo?info=premiereepisodes</shortcut>
			<shortcut label="$ADDON[script.extendedinfo 32041]" condition="System.HasAddon(script.extendedinfo)" icon="logos/tmdb-logo.png" widget="tmdb" widgetType="tvshows" widgetTarget="video">plugin://script.extendedinfo?info=populartvshows</shortcut>
			<shortcut label="$ADDON[script.extendedinfo 32040]" condition="System.HasAddon(script.extendedinfo)" icon="logos/tmdb-logo.png" widget="tmdb" widgetType="tvshows" widgetTarget="video">plugin://script.extendedinfo?info=topratedtvshows</shortcut>
			<shortcut label="$ADDON[script.extendedinfo 32039]" condition="System.HasAddon(script.extendedinfo)" icon="logos/tmdb-logo.png" widget="tmdb" widgetType="tvshows" widgetTarget="video">plugin://script.extendedinfo?info=onairtvshows</shortcut>
			<shortcut label="$ADDON[script.extendedinfo 32038]" condition="System.HasAddon(script.extendedinfo)" icon="logos/tmdb-logo.png" widget="tmdb" widgetType="tvshows" widgetTarget="video">plugin://script.extendedinfo?info=airingtodaytvshows</shortcut>
		</node>
		<node label="31502">
			<shortcut label="$ADDON[script.skin.helper.service 32153]" condition="System.HasAddon(script.skin.helper.service)" icon="logos/shs-logo.png" widget="pvr" widgetType="pvr" widgetTarget="video">pvr://channels/tv/all channel/;reload=$INFO[Window(Home).Property(widgetreload2)]</shortcut>
			<shortcut label="$ADDON[script.skin.helper.service 32151]" condition="System.HasAddon(script.skin.helper.service)" icon="logos/shs-logo.png" widget="pvr" widgetType="pvr" widgetTarget="video">plugin://script.skin.helper.service/?action=pvrrecordings&amp;reload=$INFO[Window(Home).Property(widgetreload2)]</shortcut>
			<shortcut label="$ADDON[script.skin.helper.service 32152]" condition="System.HasAddon(script.skin.helper.service)" icon="logos/shs-logo.png" widget="pvr" widgetType="pvr" widgetTarget="video">plugin://script.skin.helper.service/?action=nextpvrrecordings&amp;reload=$INFO[Window(Home).Property(widgetreload2)]</shortcut>
			<shortcut label="$ADDON[script.skin.helper.service 32154]" condition="System.HasAddon(script.skin.helper.service)" icon="logos/shs-logo.png" widget="pvr" widgetType="pvr" widgetTarget="video">plugin://script.skin.helper.service/?action=pvrtimers&amp;reload=$INFO[Window(Home).Property(widgetreload2)]</shortcut>
		</node>
		<node label="2">
			<shortcut label="$ADDON[service.library.data.provider 32017]" condition="System.HasAddon(service.library.data.provider)" icon="logos/ldp-logo.png" widget="library" widgetType="albums" widgetTarget="music">plugin://service.library.data.provider?type=recentalbums&amp;reload=$INFO[Window.Property(recentalbums)]</shortcut>
			<shortcut label="$ADDON[service.library.data.provider 32016]" condition="System.HasAddon(service.library.data.provider)" icon="logos/ldp-logo.png" widget="library" widgetType="albums" widgetTarget="music">plugin://service.library.data.provider?type=randomalbums&amp;reload=$INFO[Window.Property(randomalbums)]</shortcut>
			<shortcut label="$ADDON[service.library.data.provider 32018]" condition="System.HasAddon(service.library.data.provider)" icon="logos/ldp-logo.png" widget="library" widgetType="albums" widgetTarget="music">plugin://service.library.data.provider?type=recommendedalbums&amp;reload=$INFO[Window.Property(recommendedalbums)]</shortcut>
			<shortcut label="$ADDON[service.library.data.provider 32015]" condition="System.HasAddon(service.library.data.provider)" icon="logos/ldp-logo.png" widget="library" widgetType="songs" widgetTarget="music">plugin://service.library.data.provider?type=randomsongs&amp;reload=$INFO[Window.Property(randomsongs)]</shortcut>
			<shortcut label="359" icon="logos/kodi.png" condition="Library.HasContent(Music)" widget="library" widgetType="albums" widgetTarget="music">musicdb://recentlyaddedalbums/</shortcut>
			<shortcut label="517" icon="logos/kodi.png" condition="Library.HasContent(Music)" widget="library" widgetType="albums" widgetTarget="music">musicdb://recentlyplayedalbums/</shortcut>
			<shortcut label="521" icon="logos/kodi.png" condition="Library.HasContent(Music)" widget="library" widgetType="albums" widgetTarget="music">musicdb://compilations/</shortcut>
			<shortcut label="10505" icon="logos/kodi.png" condition="Library.HasContent(Music)" widget="library" widgetType="albums" widgetTarget="music"> musicdb://top100/albums/</shortcut>
			<shortcut label="10504" icon="logos/kodi.png" condition="Library.HasContent(Music)" widget="library" widgetType="songs" widgetTarget="music">musicdb://top100/songs/</shortcut>
			<shortcut label="359" condition="System.HasAddon(script.skin.helper.service)" icon="logos/shs-logo.png" widget="library" widgetType="albums" widgetTarget="music">plugin://script.skin.helper.service/?action=recentalbums&amp;reload=$INFO[Window(Home).Property(widgetreloadmusic)]</shortcut>
			<shortcut label="517" condition="System.HasAddon(script.skin.helper.service)" icon="logos/shs-logo.png" widget="library" widgetType="albums" widgetTarget="music">plugin://script.skin.helper.service/?action=recentplayedalbums&amp;reload=$INFO[Window(Home).Property(widgetreloadmusic)]</shortcut>
			<shortcut label="$ADDON[script.skin.helper.service 32131]" condition="System.HasAddon(script.skin.helper.service)" icon="logos/shs-logo.png" widget="library" widgetType="albums" widgetTarget="music">plugin://script.skin.helper.service/?action=recommendedalbums&amp;reload=$INFO[Window(Home).Property(widgetreloadmusic)]</shortcut>
			<shortcut label="$ADDON[script.skin.helper.service 32087]" condition="System.HasAddon(script.skin.helper.service)" icon="logos/shs-logo.png" widget="library" widgetType="songs" widgetTarget="music">plugin://script.skin.helper.service/?action=recentsongs&amp;reload=$INFO[Window(Home).Property(widgetreloadmusic)]</shortcut>
			<shortcut label="$ADDON[script.skin.helper.service 32088]" condition="System.HasAddon(script.skin.helper.service)" icon="logos/shs-logo.png" widget="library" widgetType="songs" widgetTarget="music">plugin://script.skin.helper.service/?action=recentplayedsongs&amp;reload=$INFO[Window(Home).Property(widgetreloadmusic)]</shortcut>
			<shortcut label="$ADDON[script.skin.helper.service 32132]" condition="System.HasAddon(script.skin.helper.service)" icon="logos/shs-logo.png" widget="library" widgetType="songs" widgetTarget="music">plugin://script.skin.helper.service/?action=recommendedsongs&amp;reload=$INFO[Window(Home).Property(widgetreloadmusic)]</shortcut>
		</node>
		<node label="20389">
			<shortcut label="$ADDON[service.library.data.provider 32022]" condition="System.HasAddon(service.library.data.provider)" icon="logos/ldp-logo.png" widget="library" widgetType="musicvideos" widgetTarget="video">plugin://service.library.data.provider?type=randommusicvideos&amp;reload=$INFO[Window.Property(randommusicvideos)]</shortcut>
			<shortcut label="$ADDON[service.library.data.provider 32023]" condition="System.HasAddon(service.library.data.provider)" icon="logos/ldp-logo.png" widget="library" widgetType="musicvideos" widgetTarget="video">plugin://service.library.data.provider?type=recentmusicvideos&amp;reload=$INFO[Window.Property(recentmusicvideos)]</shortcut>
			<shortcut label="20390" icon="logos/kodi.png" widget="library" widgetType="musicvideos" widgetTarget="video">videodb://recentlyaddedmusicvideos/</shortcut>
		</node>
		<node label="32020">
			<content>picturesources</content>
		</node>
		<node label="Mixed Media">
			<shortcut label="$ADDON[script.skin.helper.service 32005]" condition="System.HasAddon(script.skin.helper.service)" icon="logos/shs-logo.png" widget="library" widgetType="mixed" widgetTarget="video">plugin://script.skin.helper.service/?action=recentmedia&amp;reload=$INFO[Window(Home).Property(widgetreload)]</shortcut>
			<shortcut label="$ADDON[script.skin.helper.service 32004]" condition="System.HasAddon(script.skin.helper.service)" icon="logos/shs-logo.png" widget="library" widgetType="mixed" widgetTarget="video">plugin://script.skin.helper.service/?action=recommendedmedia&amp;reload=$INFO[Window(Home).Property(widgetreload)]</shortcut>
			<shortcut label="$ADDON[script.skin.helper.service 32086]" condition="System.HasAddon(script.skin.helper.service)" icon="logos/shs-logo.png" widget="library" widgetType="mixed" widgetTarget="video">plugin://script.skin.helper.service/?action=inprogressmedia&amp;reload=$INFO[Window(Home).Property(widgetreload)]</shortcut>
			<shortcut label="$ADDON[script.skin.helper.service 32007]" condition="System.HasAddon(script.skin.helper.service)" icon="logos/shs-logo.png" widget="library" widgetType="mixed" widgetTarget="video">plugin://script.skin.helper.service/?action=inprogressandrecommendedmedia&amp;reload=$INFO[Window(Home).Property(widgetreload)]</shortcut>
			<shortcut label="$ADDON[service.library.data.provider 32019]" condition="System.HasAddon(service.library.data.provider)" icon="logos/ldp-logo.png" widget="library" widgetType="mixed" widgetTarget="video">plugin://service.library.data.provider?type=recentvideos&amp;reload=$INFO[Window.Property(recentvideos)]</shortcut>
		</node>
		<node label="32030">
			<content>video</content>
			<content>videosources</content>
		</node>
		<node label="32031">
			<content>music</content>
			<content>musicsources</content>
		</node>
		<node label="136">
			<content>playlist-video</content>
			<content>playlist-audio</content>
		</node>
		<node label="12600">
			<shortcut label="10508" icon="$VAR[WeatherOverviewIcon0Var]" condition="!String.IsEmpty(Weather.Plugin)" widget="addon" widgetType="weather">$INCLUDE[WeatherContent]</shortcut>
			<shortcut label="33006" icon="$VAR[WeatherOverviewIcon0Var]" condition="!String.IsEmpty(Weather.Plugin)" widget="addon" widgetType="weather">$INCLUDE[WeatherContentToday]</shortcut>
			<shortcut label="33007" icon="$VAR[WeatherOverviewIcon1Var]" condition="!String.IsEmpty(Weather.Plugin)" widget="addon" widgetType="weather">$INCLUDE[WeatherContentTomorrow]</shortcut>
		</node>
		<node label="130">
			<shortcut label="130" icon="homewidgets/systeminfo/square/system.png" widget="addon" widgetType="system">$INCLUDE[SystemContent]</shortcut>
			<shortcut label="12390" icon="homewidgets/systeminfo/square/uptime.png" widget="addon" widgetType="system">$INCLUDE[SystemUptime]</shortcut>
			<shortcut label="12395" icon="homewidgets/systeminfo/square/battery_100.png" widget="addon" widgetType="system">$INCLUDE[SystemBattery]</shortcut>
			<shortcut label="705" icon="homewidgets/systeminfo/square/connected.png" widget="addon" widgetType="system">$INCLUDE[SystemNetwork]</shortcut>
			<shortcut label="13280" icon="homewidgets/systeminfo/square/video.png" widget="addon" widgetType="system">$INCLUDE[SystemVideo]</shortcut>
			<shortcut label="CPU" icon="homewidgets/systeminfo/square/cpu.png" widget="addon" widgetType="system">$INCLUDE[SystemCPU]</shortcut>
			<shortcut label="158" icon="homewidgets/systeminfo/square/memory.png" widget="addon" widgetType="system">$INCLUDE[SystemMemory]</shortcut>
			<shortcut label="154" icon="homewidgets/systeminfo/square/storage.png" widget="addon" widgetType="system">$INCLUDE[SystemStorage]</shortcut>
			<shortcut label="19020" icon="homewidgets/systeminfo/square/pvr.png" widget="addon" widgetType="system">$INCLUDE[SystemPVR]</shortcut>
			<shortcut label="19114" icon="homewidgets/systeminfo/square/system.png" widget="addon" widgetType="system">$INCLUDE[SystemVersion]</shortcut>
		</node>
		<node label="1036">
			<shortcut label="1036" type="32010" condition="System.HasAddon(script.skin.helper.service)" icon="logos/shs-logo.png">||BROWSE||script.skin.helper.service/?action=widgets&amp;path=favourites</shortcut>
			<shortcut label="$ADDON[script.skin.helper.service 32001]" condition="System.HasAddon(script.skin.helper.service)" icon="logos/shs-logo.png" widget="addon" widgetType="favourite">plugin://script.skin.helper.service/?action=favouritemedia&amp;reload=$INFO[Window(Home).Property(widgetreload2)]</shortcut>
			<shortcut label="1036" condition="System.HasAddon(script.skin.helper.service)" icon="logos/shs-logo.png" widget="addon" widgetType="favourite">plugin://script.skin.helper.service/?action=favourites&amp;reload=$INFO[Window(Home).Property(widgetreload2)]</shortcut>
		</node>
		<node label="32007">
			<node label="32010">
				<content>addon-video</content>
			</node>
			<node label="32011">
				<content>addon-audio</content>
			</node>
			<node label="32012">
				<content>addon-image</content>
			</node>
			<node label="32009">
				<content>addon-program-plugin</content>
			</node>
			<shortcut label="10001" type="32021" icon="DefaultAddonProgram.png" widget="addon" widgetType="addon" widgetTarget="programs">addons://sources/executable</shortcut>
			<shortcut label="1037" type="32014" icon="DefaultAddonVideo.png" widget="addon" widgetType="addon" widgetTarget="video">addons://sources/video</shortcut>
			<shortcut label="1038" type="32019" icon="DefaultAddonMusic.png" widget="addon" widgetType="addon" widgetTarget="music">addons://sources/audio</shortcut>
			<shortcut label="1039" type="32020" icon="DefaultAddonPicture.png" widget="addon" widgetType="addon" widgetTarget="pictures">addons://sources/image</shortcut>
		</node>
		<shortcut label="31397" condition="String.IsEqual(Window(home).Property(skinshortcuts-management-widget),1)" name="Custom list" widget="custom" widgetType="custom">$INCLUDE[skinshortcuts-submenu-1]</shortcut>
		<shortcut label="31397" condition="String.IsEqual(Window(home).Property(skinshortcuts-management-widget),2)" name="Custom list" widget="custom" widgetType="custom">$INCLUDE[skinshortcuts-submenu-2]</shortcut>
	</widget-groupings>
	<!-- Widget Default Values If Empty  -->
	<propertyfallback property="widgetArt" attribute="widgetType" value="musicvideos">Square Poster</propertyfallback>
	<propertyfallback property="widgetArt" attribute="widgetType" value="songs">Square Poster</propertyfallback>
	<propertyfallback property="widgetArt" attribute="widgetType" value="albums">Square Poster</propertyfallback>
	<propertyfallback property="widgetArt" attribute="widgetType" value="artists">Square Poster</propertyfallback>
	<propertyfallback property="widgetArt" attribute="widgetType" value="singles">Square Poster</propertyfallback>
	<propertyfallback property="widgetArt" attribute="widgetType" value="favourite">Square Poster</propertyfallback>
	<propertyfallback property="widgetArt" attribute="widgetType" value="addon">Square Poster</propertyfallback>
	<propertyfallback property="widgetArt" attribute="widgetType" value="weather">Square Poster</propertyfallback>
	<propertyfallback property="widgetArt" attribute="widgetType" value="system">Square Poster</propertyfallback>
	<propertyfallback property="widgetArt" attribute="widgetType" value="custom">Square Poster</propertyfallback>
	<propertyfallback property="widgetArt" attribute="widgetType" value="pvr">Square Poster</propertyfallback>
	<propertyfallback property="widgetArt">Poster</propertyfallback>
	<propertyfallback property="widgetArt.2" attribute="widgetType.2" value="musicvideos">Square Poster</propertyfallback>
	<propertyfallback property="widgetArt.2" attribute="widgetType.2" value="songs">Square Poster</propertyfallback>
	<propertyfallback property="widgetArt.2" attribute="widgetType.2" value="albums">Square Poster</propertyfallback>
	<propertyfallback property="widgetArt.2" attribute="widgetType.2" value="artists">Square Poster</propertyfallback>
	<propertyfallback property="widgetArt.2" attribute="widgetType.2" value="singles">Square Poster</propertyfallback>
	<propertyfallback property="widgetArt.2" attribute="widgetType.2" value="favourite">Square Poster</propertyfallback>
	<propertyfallback property="widgetArt.2" attribute="widgetType.2" value="addon">Square Poster</propertyfallback>
	<propertyfallback property="widgetArt.2" attribute="widgetType.2" value="weather">Square Poster</propertyfallback>
	<propertyfallback property="widgetArt.2" attribute="widgetType.2" value="system">Square Poster</propertyfallback>
	<propertyfallback property="widgetArt.2" attribute="widgetType.2" value="custom">Square Poster</propertyfallback>
	<propertyfallback property="widgetArt.2" attribute="widgetType.2" value="pvr">Square Poster</propertyfallback>
	<propertyfallback property="widgetArt.2">Poster</propertyfallback>
	<!-- Widget Style 1 -->
	<propertySettings property="widgetStyle" buttonID="1001" title="$LOCALIZE[31701]" />
	<property property="widgetStyle" label="535">List</property>
	<property property="widgetStyle" label="31711">Extended List</property>
	<property property="widgetStyle" label="31712">Panel</property>
	<property property="widgetStyle" label="31713">Extended Panel</property>
	<property property="widgetStyle" label="31714">Compact Panel</property>
	<property property="widgetStyle" label="31715">Extended Compact Panel</property>
	<!-- Widget Style 2 -->
	<propertySettings property="widgetStyle.2" buttonID="2001" title="$LOCALIZE[31701]" />
	<property property="widgetStyle.2" label="535">List</property>
	<property property="widgetStyle.2" label="31711">Extended List</property>
	<property property="widgetStyle.2" label="31712">Panel</property>
	<property property="widgetStyle.2" label="31713">Extended Panel</property>
	<property property="widgetStyle.2" label="31714">Compact Panel</property>
	<property property="widgetStyle.2" label="31715">Extended Compact Panel</property>
	<!-- Widget Back 1 -->
	<propertySettings property="widgetBack" buttonID="1002" requires="widgetStyle" showNone="False" title="$LOCALIZE[31702]" />
	<property property="widgetBack" label="571">Default</property>
	<property property="widgetBack" label="31723">Flat</property>
	<property property="widgetBack" label="386">Clear</property>
	<property property="widgetBack" label="31724">Clear White</property>
	<property property="widgetBack" label="31725">Colored Default</property>
	<property property="widgetBack" label="31726">Colored Flat</property>
	<property property="widgetBack" label="31727">Colored Clear</property>
	<property property="widgetBack" label="31728">Colored Clear White</property>
	<property property="widgetBack" label="231">None</property>
	<!-- Widget Back 2 -->
	<propertySettings property="widgetBack.2" buttonID="2002" requires="widgetStyle.2" showNone="False" title="$LOCALIZE[31702]" />
	<property property="widgetBack.2" label="571">Default</property>
	<property property="widgetBack.2" label="31723">Flat</property>
	<property property="widgetBack.2" label="386">Clear</property>
	<property property="widgetBack.2" label="31724">Clear White</property>
	<property property="widgetBack.2" label="31725">Colored Default</property>
	<property property="widgetBack.2" label="31726">Colored Flat</property>
	<property property="widgetBack.2" label="31727">Colored Clear</property>
	<property property="widgetBack.2" label="31728">Colored Clear White</property>
	<property property="widgetBack.2" label="231">None</property>
	<!-- Widget Title 1 -->
	<propertySettings property="widgetTitle" buttonID="1003" requires="widgetStyle" templateonly="True" title="$LOCALIZE[31703]" />
	<property property="widgetTitle" label="31729">Panel</property>
	<property property="widgetTitle" label="31730">On Focus</property>
	<property property="widgetTitle" label="31731">Title</property>
	<!-- Widget Title 2 -->
	<propertySettings property="widgetTitle.2" buttonID="2003" requires="widgetStyle.2" templateonly="True" title="$LOCALIZE[31703]" />
	<property property="widgetTitle.2" label="31729">Panel</property>
	<property property="widgetTitle.2" label="31730">On Focus</property>
	<property property="widgetTitle.2" label="31731">Title</property>
	<!-- Widget Art 1 -->
	<propertySettings property="widgetArt" buttonID="1004" requires="widget" templateonly="True" showNone="False" title="$LOCALIZE[31706]" />
	<property property="widgetArt" label="31016" condition="!String.IsEqual(Container(211).ListItem.Property(widgetType),weather) + !String.IsEqual(Container(211).ListItem.Property(widgetType),system)">Poster</property>
	<property property="widgetArt" label="31718">Square Poster</property>
	<property property="widgetArt" label="20445">FanArt</property>
	<property property="widgetArt" label="31076" condition="[String.IsEqual(Container(211).ListItem.Property(widget),library) | String.IsEqual(Container(211).ListItem.Property(widget),playlist)] + [String.IsEqual(Container(211).ListItem.Property(widgetType),movies) | String.IsEqual(Container(211).ListItem.Property(widgetType),episodes) | String.IsEqual(Container(211).ListItem.Property(widgetType),tvshows) | String.IsEqual(Container(211).ListItem.Property(widgetType),mixed)]">Landscape</property>
	<property property="widgetArt" label="21371" condition="[String.IsEqual(Container(211).ListItem.Property(widget),library) | String.IsEqual(Container(211).ListItem.Property(widget),playlist)] + String.IsEqual(Container(211).ListItem.Property(widgetType),episodes)">Thumb</property>
	<property property="widgetArt" label="31156" condition="[String.IsEqual(Container(211).ListItem.Property(widget),library) | String.IsEqual(Container(211).ListItem.Property(widget),playlist)] + [String.IsEqual(Container(211).ListItem.Property(widgetType),movies) | String.IsEqual(Container(211).ListItem.Property(widgetType),episodes) | String.IsEqual(Container(211).ListItem.Property(widgetType),tvshows) | String.IsEqual(Container(211).ListItem.Property(widgetType),mixed)]">ClearArt</property>
	<property property="widgetArt" label="31719" condition="[String.IsEqual(Container(211).ListItem.Property(widget),library) | String.IsEqual(Container(211).ListItem.Property(widget),playlist)] + [String.IsEqual(Container(211).ListItem.Property(widgetType),movies) | String.IsEqual(Container(211).ListItem.Property(widgetType),episodes) | String.IsEqual(Container(211).ListItem.Property(widgetType),tvshows) | String.Contains(Container(211).ListItem.Property(widgetPath),skin.helper) | String.IsEqual(Container(211).ListItem.Property(widgetType),mixed)]">ClearLogo</property>
	<property property="widgetArt" label="31609" condition="[String.IsEqual(Container(211).ListItem.Property(widget),library) | String.IsEqual(Container(211).ListItem.Property(widget),playlist)] + [String.IsEqual(Container(211).ListItem.Property(widgetType),movies) | String.Contains(Container(211).ListItem.Property(widgetPath),skin.helper)] + !String.IsEqual(Container(211).ListItem.Property(widgetType),episodes) + !String.IsEqual(Container(211).ListItem.Property(widgetType),tvshows)">DiscArt</property>
	<property property="widgetArt" label="31720" condition="String.IsEqual(Container(211).ListItem.Property(widgetType),episodes) + [String.IsEqual(Container(211).ListItem.Property(widget),library) | String.IsEqual(Container(211).ListItem.Property(widget),playlist)] + [String.IsEqual(Container(211).ListItem.Property(widgetType),episodes) | String.IsEqual(Container(211).ListItem.Property(widgetType),tvshows)]">CharacterArt</property>
	<property property="widgetArt" label="31087" condition="[String.IsEqual(Container(211).ListItem.Property(widget),library) | String.IsEqual(Container(211).ListItem.Property(widget),playlist) | String.IsEqual(Container(211).ListItem.Property(widget),trakt)] + [String.IsEqual(Container(211).ListItem.Property(widgetType),movies) | String.IsEqual(Container(211).ListItem.Property(widgetType),episodes) | String.IsEqual(Container(211).ListItem.Property(widgetType),tvshows) | String.Contains(Container(211).ListItem.Property(widgetPath),skin.helper) | String.IsEqual(Container(211).ListItem.Property(widgetType),mixed)]">Banner</property>
	<!-- Widget Art 2 -->
	<propertySettings property="widgetArt.2" buttonID="2004" requires="widget.2" templateonly="True" showNone="False" title="$LOCALIZE[31706]" />
	<property property="widgetArt.2" label="31016" condition="!String.IsEqual(Container(211).ListItem.Property(widgetType.2),weather) + !String.IsEqual(Container(211).ListItem.Property(widgetType.2),system)">Poster</property>
	<property property="widgetArt.2" label="31718">Square Poster</property>
	<property property="widgetArt.2" label="20445">FanArt</property>
	<property property="widgetArt.2" label="31076" condition="[String.IsEqual(Container(211).ListItem.Property(widget.2),library) | String.IsEqual(Container(211).ListItem.Property(widget.2),playlist)] + [String.IsEqual(Container(211).ListItem.Property(widgetType.2),movies) | String.IsEqual(Container(211).ListItem.Property(widgetType.2),episodes) | String.IsEqual(Container(211).ListItem.Property(widgetType.2),tvshows) | String.IsEqual(Container(211).ListItem.Property(widgetType.2),mixed)]">Landscape</property>
	<property property="widgetArt.2" label="21371" condition="[String.IsEqual(Container(211).ListItem.Property(widget.2),library) | String.IsEqual(Container(211).ListItem.Property(widget.2),playlist)] + String.IsEqual(Container(211).ListItem.Property(widgetType.2),episodes)">Thumb</property>
	<property property="widgetArt.2" label="31156" condition="[String.IsEqual(Container(211).ListItem.Property(widget.2),library) | String.IsEqual(Container(211).ListItem.Property(widget.2),playlist)] + [String.IsEqual(Container(211).ListItem.Property(widgetType.2),movies) | String.IsEqual(Container(211).ListItem.Property(widgetType.2),episodes) | String.IsEqual(Container(211).ListItem.Property(widgetType.2),tvshows) | String.IsEqual(Container(211).ListItem.Property(widgetType.2),mixed)]">ClearArt</property>
	<property property="widgetArt.2" label="31719" condition="[String.IsEqual(Container(211).ListItem.Property(widget.2),library) | String.IsEqual(Container(211).ListItem.Property(widget.2),playlist)] + [String.IsEqual(Container(211).ListItem.Property(widgetType.2),movies) | String.IsEqual(Container(211).ListItem.Property(widgetType.2),episodes) | String.IsEqual(Container(211).ListItem.Property(widgetType.2),tvshows) | String.Contains(Container(211).ListItem.Property(widgetPath.2),skin.helper) | String.IsEqual(Container(211).ListItem.Property(widgetType.2),mixed)]">ClearLogo</property>
	<property property="widgetArt.2" label="31609" condition="[String.IsEqual(Container(211).ListItem.Property(widget.2),library) | String.IsEqual(Container(211).ListItem.Property(widget.2),playlist)] + [String.IsEqual(Container(211).ListItem.Property(widgetType.2),movies) | String.Contains(Container(211).ListItem.Property(widgetPath.2),skin.helper)] + !String.IsEqual(Container(211).ListItem.Property(widgetType.2),tvshows) + !String.IsEqual(Container(211).ListItem.Property(widgetType.2),episodes)">DiscArt</property>
	<property property="widgetArt.2" label="31720" condition="String.IsEqual(Container(211).ListItem.Property(widgetType.2),episodes) + [String.IsEqual(Container(211).ListItem.Property(widget.2),library) | String.IsEqual(Container(211).ListItem.Property(widget.2),playlist)] + [String.IsEqual(Container(211).ListItem.Property(widgetType.2),episodes) | String.IsEqual(Container(211).ListItem.Property(widgetType.2),tvshows)]">CharacterArt</property>
	<property property="widgetArt.2" label="31087" condition="[String.IsEqual(Container(211).ListItem.Property(widget.2),library) | String.IsEqual(Container(211).ListItem.Property(widget.2),playlist) | String.IsEqual(Container(211).ListItem.Property(widget.2),trakt)] + [String.IsEqual(Container(211).ListItem.Property(widgetType.2),movies) | String.IsEqual(Container(211).ListItem.Property(widgetType.2),episodes) | String.IsEqual(Container(211).ListItem.Property(widgetType.2),tvshows) | String.Contains(Container(211).ListItem.Property(widgetPath.2),skin.helper) | String.IsEqual(Container(211).ListItem.Property(widgetType.2),mixed)]">Banner</property>
	<!-- Widget Case 1 -->
	<propertySettings property="widgetCase" buttonID="1008" requires="widget" title="$LOCALIZE[31707]" />
	<property property="widgetCase" icon="homewidgets/glass/portrait.png" condition="String.IsEqual(Container(211).ListItem.Property(widgetArt),Poster)" label="31721">Glass</property>
	<property property="widgetCase" icon="homewidgets/glass/square.png" condition="String.IsEqual(Container(211).ListItem.Property(widgetArt),Square Poster)" label="31721">Glass</property>
	<property property="widgetCase" icon="homewidgets/glass/landscape.png" condition="String.IsEqual(Container(211).ListItem.Property(widgetArt),FanArt)" label="31721">Glass</property>
	<property property="widgetCase" icon="homewidgets/glass/landscape.png" condition="String.IsEqual(Container(211).ListItem.Property(widgetArt),Landscape)" label="31721">Glass</property>
	<property property="widgetCase" icon="homewidgets/glass/landscape.png" condition="String.IsEqual(Container(211).ListItem.Property(widgetArt),Thumb)" label="31721">Glass</property>
	<property property="widgetCase" icon="homewidgets/glass/landscape.png" condition="String.IsEqual(Container(211).ListItem.Property(widgetArt),ClearArt)" label="31721">Glass</property>
	<property property="widgetCase" icon="homewidgets/glass/square.png" condition="String.IsEqual(Container(211).ListItem.Property(widgetArt),ClearLogo)" label="31721">Glass</property>
	<property property="widgetCase" icon="homewidgets/glass/square.png" condition="String.IsEqual(Container(211).ListItem.Property(widgetArt),DiscArt)" label="31721">Glass</property>
	<property property="widgetCase" icon="homewidgets/glass/square.png" condition="String.IsEqual(Container(211).ListItem.Property(widgetArt),Character Art)" label="31721">Glass</property>
	<property property="widgetCase" icon="homewidgets/glass/banner.png" condition="String.IsEqual(Container(211).ListItem.Property(widgetArt),Banner)" label="31721">Glass</property>
	<property property="widgetCase" icon="homewidgets/case/poster/1080p.png" condition="String.IsEqual(Container(211).ListItem.Property(widgetArt),Poster)" label="31707">Case</property>
	<property property="widgetCase" icon="homewidgets/case/square/cd.png" condition="String.IsEqual(Container(211).ListItem.Property(widgetArt),Square Poster)" label="31707">Case</property>
	<property property="widgetCase" icon="homewidgets/case/landscape/1080p.png" condition="String.IsEqual(Container(211).ListItem.Property(widgetArt),Landscape)" label="31707">Case</property>
	<property property="widgetCase" icon="homewidgets/case/landscape/1080p.png" condition="String.IsEqual(Container(211).ListItem.Property(widgetArt),FanArt)" label="31707">Case</property>
	<property property="widgetCase" icon="homewidgets/case/landscape/1080p.png" condition="String.IsEqual(Container(211).ListItem.Property(widgetArt),Thumb)" label="31707">Case</property>
	<property property="widgetCase" icon="homewidgets/case/landscape/1080p.png" condition="String.IsEqual(Container(211).ListItem.Property(widgetArt),ClearArt)" label="31707">Case</property>
	<property property="widgetCase" icon="homewidgets/case/landscape/1080p.png" condition="String.IsEqual(Container(211).ListItem.Property(widgetArt),ClearLogo)" label="31707">Case</property>
	<property property="widgetCase" icon="homewidgets/case/square/cd.png" condition="String.IsEqual(Container(211).ListItem.Property(widgetArt),DiscArt)" label="31707">Case</property>
	<property property="widgetCase" icon="homewidgets/case/square/cd.png" condition="String.IsEqual(Container(211).ListItem.Property(widgetArt),Character Art)" label="31707">Case</property>
	<property property="widgetCase" icon="homewidgets/case/banner/1080p.png" condition="String.IsEqual(Container(211).ListItem.Property(widgetArt),Banner)" label="31707">Case</property>
	<property property="widgetCase" icon="homewidgets/clearcase/poster/1080p.png" condition="String.IsEqual(Container(211).ListItem.Property(widgetArt),Poster)" label="31722">Clear Case</property>
	<property property="widgetCase" icon="homewidgets/clearcase/square/cd.png" condition="String.IsEqual(Container(211).ListItem.Property(widgetArt),Square Poster)" label="31722">Clear Case</property>
	<property property="widgetCase" icon="homewidgets/clearcase/landscape/1080p.png" condition="String.IsEqual(Container(211).ListItem.Property(widgetArt),Landscape)" label="31722">Clear Case</property>
	<property property="widgetCase" icon="homewidgets/clearcase/landscape/1080p.png" condition="String.IsEqual(Container(211).ListItem.Property(widgetArt),FanArt)" label="31722">Clear Case</property>
	<property property="widgetCase" icon="homewidgets/clearcase/landscape/1080p.png" condition="String.IsEqual(Container(211).ListItem.Property(widgetArt),Thumb)" label="31722">Clear Case</property>
	<property property="widgetCase" icon="homewidgets/clearcase/landscape/1080p.png" condition="String.IsEqual(Container(211).ListItem.Property(widgetArt),ClearArt)" label="31722">Clear Case</property>
	<property property="widgetCase" icon="homewidgets/clearcase/landscape/1080p.png" condition="String.IsEqual(Container(211).ListItem.Property(widgetArt),ClearLogo)" label="31722">Clear Case</property>
	<property property="widgetCase" icon="homewidgets/clearcase/square/cd.png" condition="String.IsEqual(Container(211).ListItem.Property(widgetArt),DiscArt)" label="31722">Clear Case</property>
	<property property="widgetCase" icon="homewidgets/clearcase/square/cd.png" condition="String.IsEqual(Container(211).ListItem.Property(widgetArt),Character Art)" label="31722">Clear Case</property>
	<property property="widgetCase" icon="homewidgets/clearcase/banner/1080p.png" condition="String.IsEqual(Container(211).ListItem.Property(widgetArt),Banner)" label="31722">Clear Case</property>
	<!-- Widget Case 2 -->
	<propertySettings property="widgetCase.2" buttonID="2008" requires="widget.2" title="$LOCALIZE[31707]" />
	<property property="widgetCase.2" icon="homewidgets/glass/portrait.png" condition="String.IsEqual(Container(211).ListItem.Property(widgetArt.2),Poster)" label="31721">Glass</property>
	<property property="widgetCase.2" icon="homewidgets/glass/square.png" condition="String.IsEqual(Container(211).ListItem.Property(widgetArt.2),Square Poster)" label="31721">Glass</property>
	<property property="widgetCase.2" icon="homewidgets/glass/landscape.png" condition="String.IsEqual(Container(211).ListItem.Property(widgetArt.2),FanArt)" label="31721">Glass</property>
	<property property="widgetCase.2" icon="homewidgets/glass/landscape.png" condition="String.IsEqual(Container(211).ListItem.Property(widgetArt.2),Landscape)" label="31721">Glass</property>
	<property property="widgetCase.2" icon="homewidgets/glass/landscape.png" condition="String.IsEqual(Container(211).ListItem.Property(widgetArt.2),Thumb)" label="31721">Glass</property>
	<property property="widgetCase.2" icon="homewidgets/glass/landscape.png" condition="String.IsEqual(Container(211).ListItem.Property(widgetArt.2),ClearArt)" label="31721">Glass</property>
	<property property="widgetCase.2" icon="homewidgets/glass/square.png" condition="String.IsEqual(Container(211).ListItem.Property(widgetArt.2),ClearLogo)" label="31721">Glass</property>
	<property property="widgetCase.2" icon="homewidgets/glass/square.png" condition="String.IsEqual(Container(211).ListItem.Property(widgetArt.2),DiscArt)" label="31721">Glass</property>
	<property property="widgetCase.2" icon="homewidgets/glass/square.png" condition="String.IsEqual(Container(211).ListItem.Property(widgetArt.2),Character Art)" label="31721">Glass</property>
	<property property="widgetCase.2" icon="homewidgets/glass/banner.png" condition="String.IsEqual(Container(211).ListItem.Property(widgetArt.2),Banner)" label="31721">Glass</property>
	<property property="widgetCase.2" icon="homewidgets/case/poster/1080p.png" condition="String.IsEqual(Container(211).ListItem.Property(widgetArt.2),Poster)" label="31707">Case</property>
	<property property="widgetCase.2" icon="homewidgets/case/square/cd.png" condition="String.IsEqual(Container(211).ListItem.Property(widgetArt.2),Square Poster)" label="31707">Case</property>
	<property property="widgetCase.2" icon="homewidgets/case/landscape/1080p.png" condition="String.IsEqual(Container(211).ListItem.Property(widgetArt.2),Landscape)" label="31707">Case</property>
	<property property="widgetCase.2" icon="homewidgets/case/landscape/1080p.png" condition="String.IsEqual(Container(211).ListItem.Property(widgetArt.2),FanArt)" label="31707">Case</property>
	<property property="widgetCase.2" icon="homewidgets/case/landscape/1080p.png" condition="String.IsEqual(Container(211).ListItem.Property(widgetArt.2),Thumb)" label="31707">Case</property>
	<property property="widgetCase.2" icon="homewidgets/case/landscape/1080p.png" condition="String.IsEqual(Container(211).ListItem.Property(widgetArt.2),ClearArt)" label="31707">Case</property>
	<property property="widgetCase.2" icon="homewidgets/case/landscape/1080p.png" condition="String.IsEqual(Container(211).ListItem.Property(widgetArt.2),ClearLogo)" label="31707">Case</property>
	<property property="widgetCase.2" icon="homewidgets/case/square/cd.png" condition="String.IsEqual(Container(211).ListItem.Property(widgetArt.2),DiscArt)" label="31707">Case</property>
	<property property="widgetCase.2" icon="homewidgets/case/square/cd.png" condition="String.IsEqual(Container(211).ListItem.Property(widgetArt.2),Character Art)" label="31707">Case</property>
	<property property="widgetCase.2" icon="homewidgets/case/banner/1080p.png" condition="String.IsEqual(Container(211).ListItem.Property(widgetArt.2),Banner)" label="31707">Case</property>
	<property property="widgetCase.2" icon="homewidgets/clearcase/poster/1080p.png" condition="String.IsEqual(Container(211).ListItem.Property(widgetArt.2),Poster)" label="31722">Clear Case</property>
	<property property="widgetCase.2" icon="homewidgets/clearcase/square/cd.png" condition="String.IsEqual(Container(211).ListItem.Property(widgetArt.2),Square Poster)" label="31722">Clear Case</property>
	<property property="widgetCase.2" icon="homewidgets/clearcase/landscape/1080p.png" condition="String.IsEqual(Container(211).ListItem.Property(widgetArt.2),Landscape)" label="31722">Clear Case</property>
	<property property="widgetCase.2" icon="homewidgets/clearcase/landscape/1080p.png" condition="String.IsEqual(Container(211).ListItem.Property(widgetArt.2),FanArt)" label="31722">Clear Case</property>
	<property property="widgetCase.2" icon="homewidgets/clearcase/landscape/1080p.png" condition="String.IsEqual(Container(211).ListItem.Property(widgetArt.2),Thumb)" label="31722">Clear Case</property>
	<property property="widgetCase.2" icon="homewidgets/clearcase/landscape/1080p.png" condition="String.IsEqual(Container(211).ListItem.Property(widgetArt.2),ClearArt)" label="31722">Clear Case</property>
	<property property="widgetCase.2" icon="homewidgets/clearcase/landscape/1080p.png" condition="String.IsEqual(Container(211).ListItem.Property(widgetArt.2),ClearLogo)" label="31722">Clear Case</property>
	<property property="widgetCase.2" icon="homewidgets/clearcase/square/cd.png" condition="String.IsEqual(Container(211).ListItem.Property(widgetArt.2),DiscArt)" label="31722">Clear Case</property>
	<property property="widgetCase.2" icon="homewidgets/clearcase/square/cd.png" condition="String.IsEqual(Container(211).ListItem.Property(widgetArt.2),Character Art)" label="31722">Clear Case</property>
	<property property="widgetCase.2" icon="homewidgets/clearcase/banner/1080p.png" condition="String.IsEqual(Container(211).ListItem.Property(widgetArt.2),Banner)" label="31722">Clear Case</property>
	<!-- Widget Sort By 1 -->
	<propertySettings property="widgetSortby" buttonID="1012" requires="widget" templateonly="True" title="$LOCALIZE[31708]" />
	<property property="widgetSortby" label="369">title</property>
	<property property="widgetSortby" label="36902" condition="String.IsEqual(Container(211).ListItem.Property(widgetType),episodes)">tvshowtitle</property>
	<property property="widgetSortby" label="552" condition="String.IsEqual(Container(211).ListItem.Property(widgetType),episodes)">date</property>
	<property property="widgetSortby" label="557" condition="String.IsEqual(Container(211).ListItem.Property(widgetType),musicvideos) | String.IsEqual(Container(211).ListItem.Property(widgetType),artists) | String.IsEqual(Container(211).ListItem.Property(widgetType),albums) | String.IsEqual(Container(211).ListItem.Property(widgetType),songs)">artist</property>
	<property property="widgetSortby" label="558" condition="String.IsEqual(Container(211).ListItem.Property(widgetType),musicvideos) | String.IsEqual(Container(211).ListItem.Property(widgetType),albums) | String.IsEqual(Container(211).ListItem.Property(widgetType),songs)">album</property>
	<property property="widgetSortby" label="554" condition="String.IsEqual(Container(211).ListItem.Property(widgetType),songs)">tracknumber</property>
	<property property="widgetSortby" label="19029" condition="String.IsEqual(Container(211).ListItem.Property(widgetType),pvr)">channelnumber</property>
	<property property="widgetSortby" label="345" condition="String.IsEqual(Container(211).ListItem.Property(widgetType),movies) | String.IsEqual(Container(211).ListItem.Property(widgetType),tvshows) | String.IsEqual(Container(211).ListItem.Property(widgetType),musicvideos) | String.IsEqual(Container(211).ListItem.Property(widgetType),albums)">year</property>
	<property property="widgetSortby" label="570" condition="!String.IsEqual(Container(211).ListItem.Property(widgetType),pvr)">dateAdded</property>
	<property property="widgetSortby" label="590">random</property>
	<!-- Widget Sort Order 1 -->
	<propertySettings property="widgetSort" buttonID="1016" requires="widget" templateonly="True" title="$LOCALIZE[31709]" />
	<property property="widgetSort" label="584">ascending</property>
	<property property="widgetSort" label="585">descending</property>
	<!-- Widget Sort By 2 -->
	<propertySettings property="widgetSortby.2" buttonID="2012" requires="widget.2" templateonly="True" title="$LOCALIZE[31708]" />
	<property property="widgetSortby.2" label="369">title</property>
	<property property="widgetSortby.2" label="36902" condition="String.IsEqual(Container(211).ListItem.Property(widgetType.2),episodes)">tvshowtitle</property>
	<property property="widgetSortby.2" label="552" condition="String.IsEqual(Container(211).ListItem.Property(widgetType.2),episodes)">date</property>
	<property property="widgetSortby.2" label="557" condition="String.IsEqual(Container(211).ListItem.Property(widgetType.2),musicvideos) | String.IsEqual(Container(211).ListItem.Property(widgetType.2),artists) | String.IsEqual(Container(211).ListItem.Property(widgetType.2),albums) | String.IsEqual(Container(211).ListItem.Property(widgetType.2),songs)">artist</property>
	<property property="widgetSortby.2" label="558" condition="String.IsEqual(Container(211).ListItem.Property(widgetType.2),musicvideos) | String.IsEqual(Container(211).ListItem.Property(widgetType.2),albums) | String.IsEqual(Container(211).ListItem.Property(widgetType.2),songs)">album</property>
	<property property="widgetSortby.2" label="554" condition="String.IsEqual(Container(211).ListItem.Property(widgetType.2),songs)">tracknumber</property>
	<property property="widgetSortby.2" label="19029" condition="String.IsEqual(Container(211).ListItem.Property(widgetType.2),pvr)">channelnumber</property>
	<property property="widgetSortby.2" label="345" condition="String.IsEqual(Container(211).ListItem.Property(widgetType.2),movies) | String.IsEqual(Container(211).ListItem.Property(widgetType.2),tvshows) | String.IsEqual(Container(211).ListItem.Property(widgetType.2),musicvideos) | String.IsEqual(Container(211).ListItem.Property(widgetType.2),albums)">year</property>
	<property property="widgetSortby.2" label="570" condition="!String.IsEqual(Container(211).ListItem.Property(widgetType.2),pvr)">dateAdded</property>
	<property property="widgetSortby.2" label="590">random</property>
	<!-- Widget Sort Order 2 -->
	<propertySettings property="widgetSort.2" buttonID="2016" requires="widget.2" templateonly="True" title="$LOCALIZE[31709]" />
	<property property="widgetSort.2" label="584">ascending</property>
	<property property="widgetSort.2" label="585">descending</property>
	<!-- Widget List 1 - Text/Banner -->
	<propertySettings property="widgetList" buttonID="1020" showNone="False" requires="widgetStyle" templateonly="True" title="$LOCALIZE[31704]" />
	<property property="widgetList" label="21899">Label</property>
	<property property="widgetList" label="31087">Banner Art</property>
	<!-- Widget List 2 - Text/Banner -->
	<propertySettings property="widgetList.2" buttonID="2020" showNone="False" requires="widgetStyle.2" templateonly="True" title="$LOCALIZE[31704]" />
	<property property="widgetList.2" label="21899">Label</property>
	<property property="widgetList.2" label="31087">Banner Art</property>
	<!-- Widget Panel Info 1 -->
	<propertySettings property="widgetPanelInfo" buttonID="1021" requires="widgetStyle" title="$LOCALIZE[31705]" />
	<property property="widgetPanelInfo" label="305">Enabled</property>
	<!-- Widget Panel Info 2 -->
	<propertySettings property="widgetPanelInfo.2" buttonID="2021" requires="widgetStyle.2" title="$LOCALIZE[31705]" />
	<property property="widgetPanelInfo.2" label="305">Enabled</property>
	<!-- Management Dialog Navigation -->
	<!-- WIDGET 1 -->
	<onback to="800">6001</onback>
	<onback to="800">1001</onback>
	<onback to="800">1002</onback>
	<onback to="800">1003</onback>
	<onback to="800">1020</onback>
	<onback to="800">1021</onback>
	<onback to="800">312</onback>
	<onback to="800">1004</onback>
	<onback to="800">1008</onback>
	<onback to="800">1012</onback>
	<onback to="800">1016</onback>
	<!-- WIDGET 2 -->
	<onback to="801">7001</onback>
	<onback to="801">2001</onback>
	<onback to="801">2002</onback>
	<onback to="801">2003</onback>
	<onback to="801">2020</onback>
	<onback to="801">2021</onback>
	<onback to="801">2051</onback>
	<onback to="801">2004</onback>
	<onback to="801">2008</onback>
	<onback to="801">2012</onback>
	<onback to="801">2016</onback>
	<!-- Remove any default menu item properties that we don't need -->
	<propertySettings property="widget" templateonly="True" />
	<propertySettings property="widgetName" templateonly="True" />
	<propertySettings property="widgetType" templateonly="True" />
	<propertySettings property="widgetTarget" templateonly="True" />
	<propertySettings property="widgetPath" templateonly="True" />
	<propertySettings property="widget.2" templateonly="True" />
	<propertySettings property="widgetName.2" templateonly="True" />
	<propertySettings property="widgetType.2" templateonly="True" />
	<propertySettings property="widgetTarget.2" templateonly="True" />
	<propertySettings property="widgetPath.2" templateonly="True" />
	<propertySettings property="labelID" templateonly="True" />
	<propertySettings property="defaultID" templateonly="True" />
	<propertySettings property="list" templateonly="True" />
	<propertySettings property="group" templateonly="True" />
	<propertySettings property="hasSubmenu" templateonly="True" />
	<!-- Icon Overrides -->
	<icon image="DefaultShortcut.png">special://skin/extras/icons/DefaultAddSource.png</icon>
	<icon image="DefaultActor.png">special://skin/extras/icons/DefaultActor.png</icon>
	<icon image="DefaultAddon.png">special://skin/extras/icons/DefaultAddon.png</icon>
	<icon image="DefaultAddonLibrary.png">special://skin/extras/icons/DefaultAddonLibrary.png</icon>
	<icon image="DefaultAddonMusic.png">special://skin/extras/icons/DefaultAddonMusic.png</icon>
	<icon image="DefaultAddonNone.png">special://skin/extras/icons/DefaultAddonNone.png</icon>
	<icon image="DefaultAddonPicture.png">special://skin/extras/icons/DefaultAddonPicture.png</icon>
	<icon image="DefaultAddonProgram.png">special://skin/extras/icons/DefaultAddonProgram.png</icon>
	<icon image="DefaultAddonPVRClient.png">special://skin/extras/icons/DefaultAddonPVRClient.png</icon>
	<icon image="DefaultAddonVideo.png">special://skin/extras/icons/DefaultAddonVideo.png</icon>
	<icon image="DefaultAddonWeather.png">special://skin/extras/icons/DefaultAddonWeather.png</icon>
	<icon image="DefaultAlbumCover.png">special://skin/extras/icons/DefaultAlbumCover.png</icon>
	<icon image="DefaultArtist.png">special://skin/extras/icons/DefaultArtist.png</icon>
	<icon image="DefaultAudio.png">special://skin/extras/icons/DefaultAudio.png</icon>
	<icon image="DefaultCountry.png">special://skin/extras/icons/DefaultCountry.png</icon>
	<icon image="DefaultDirector.png">special://skin/extras/icons/DefaultDirector.png</icon>
	<icon image="DefaultFile.png">special://skin/extras/icons/DefaultFile.png</icon>
	<icon image="DefaultFolder.png">special://skin/extras/icons/DefaultFolder.png</icon>
	<icon image="DefaultGames.png">special://skin/extras/icons/DefaultGames.png</icon>
	<icon image="DefaultGenre.png">special://skin/extras/icons/DefaultGenre.png</icon>
	<icon image="DefaultInProgressShows.png">special://skin/extras/icons/DefaultInProgressShows.png</icon>
	<icon image="DefaultMovies.png">special://skin/extras/icons/DefaultMovies.png</icon>
	<icon image="DefaultMovieTitle.png">special://skin/extras/icons/DefaultMovieTitle.png</icon>
	<icon image="DefaultMusicAlbums.png">special://skin/extras/icons/DefaultMusicAlbums.png</icon>
	<icon image="DefaultMusicArtists.png">special://skin/extras/icons/DefaultMusicArtists.png</icon>
	<icon image="DefaultMusicGenres.png">special://skin/extras/icons/DefaultMusicGenres.png</icon>
	<icon image="DefaultMusicPlaylists.png">special://skin/extras/icons/DefaultMusicPlaylists.png</icon>
	<icon image="DefaultMusicRecentlyAdded.png">special://skin/extras/icons/DefaultMusicRecentlyAdded.png</icon>
	<icon image="DefaultMusicRecentlyPlayed.png">special://skin/extras/icons/DefaultMusicRecentlyPlayed.png</icon>
	<icon image="DefaultMusicSongs.png">special://skin/extras/icons/DefaultMusicSongs.png</icon>
	<icon image="DefaultMusicTop100.png">special://skin/extras/icons/DefaultMusicTop100.png</icon>
	<icon image="DefaultMusicTop100Albums.png">special://skin/extras/icons/DefaultMusicTop100Albums.png</icon>
	<icon image="DefaultMusicTop100Songs.png">special://skin/extras/icons/DefaultMusicTop100Songs.png</icon>
	<icon image="DefaultMusicVideos.png">special://skin/extras/icons/DefaultMusicVideos.png</icon>
	<icon image="DefaultMusicVideoTitle.png">special://skin/extras/icons/DefaultMusicVideoTitle.png</icon>
	<icon image="DefaultMusicYears.png">special://skin/extras/icons/DefaultMusicYears.png</icon>
	<icon image="DefaultPicture.png">special://skin/extras/icons/DefaultPicture.png</icon>
	<icon image="DefaultPlaylist.png">special://skin/extras/icons/DefaultPlaylist.png</icon>
	<icon image="DefaultProgram.png">special://skin/extras/icons/DefaultProgram.png</icon>
	<icon image="DefaultRecentlyAddedEpisodes.png">special://skin/extras/icons/DefaultRecentlyAddedEpisodes.png</icon>
	<icon image="DefaultRecentlyAddedMovies.png">special://skin/extras/icons/DefaultRecentlyAddedMovies.png</icon>
	<icon image="DefaultRecentlyAddedMusicVideos.png">special://skin/extras/icons/DefaultRecentlyAddedMusicVideos.png</icon>
	<icon image="DefaultSets.png">special://skin/extras/icons/DefaultSets.png</icon>
	<icon image="DefaultStudios.png">special://skin/extras/icons/DefaultStudios.png</icon>
	<icon image="DefaultTags.png">special://skin/extras/icons/DefaultTags.png</icon>
	<icon image="DefaultTVShows.png">special://skin/extras/icons/DefaultTVShows.png</icon>
	<icon image="DefaultTVShowTitle.png">special://skin/extras/icons/DefaultTVShowTitle.png</icon>
	<icon image="DefaultVideo.png">special://skin/extras/icons/DefaultVideo.png</icon>
	<icon image="DefaultVideoPlaylists.png">special://skin/extras/icons/DefaultVideoPlaylists.png</icon>
	<icon image="DefaultYear.png">special://skin/extras/icons/DefaultYear.png</icon>

	<!-- BUBBLES -->
	<!--
	<widget
		label="Movie Arrivals"
		name="Movie Arrivals"
		type="movies"
		target="videos"
		path="plugin://plugin.video.bubbles/?action=movieArrivals&type=movie&kids=0&reload=$INFO[Window(Home).Property(widgetreload)]"
	>bubblesmoviewidget</widget>
	<widgetdefault labelID="Bubbles">bubblesmoviewidget</widgetdefault>
	<widgetdefaultnode labelID="Bubbles" label="Bubbles" type="movies" path="plugin://plugin.video.bubbles/?action=movieArrivals&type=movie&kids=0&reload=$INFO[Window(Home).Property(widgetreload)]" target="videos">bubblesmoviewidget</widgetdefaultnode>
	-->


</overrides>
